Tracker,Assunto,Descrição,Status,Prioridade,Categoria,Data de início,Solicitante,Tipo de solicitante,Canal,Resolução
Incidente,Certificado não aparece na hora de assinar a receita,"Bom dia. Instalei o certificado no computador do consultório, ele aparece no navegador mas quando vou assinar a receita a plataforma diz que nenhum certificado foi encontrado. Já reiniciei duas vezes. Uso Windows 11. Segue print em anexo.",Resolvida,Alta,Certificado Digital,2026-09-15,Médico(a) 01,Médico,E-mail,Certificado do tipo A3 em token. Faltava o driver do fabricante do token. Orientado a instalar o driver e reconectar o dispositivo. Médico(a) confirmou que conseguiu assinar.
Dúvida,Renovação de certificado vencido,Meu certificado venceu semana passada. Preciso pagar de novo? O processo é o mesmo da primeira emissão ou tem algum caminho mais curto?,Feedback,Normal,Certificado Digital,2026-09-29,Médico(a) 02,Médico,Formulário,
Requisição,Revogação de certificado por perda do token,Médico(a) compareceu ao Regional informando perda do token. Como procedemos com a revogação? Ele(a) precisa de novo certificado com urgência porque atende em pronto-socorro e não consegue emitir receita.,Em andamento,Urgente,Certificado Digital,2026-10-06,Servidor(a) Registro CRM-UF01,CRM,E-mail,
Incidente,Erro de cadeia de certificação inválida ao assinar documento,"Ao assinar qualquer documento aparece a mensagem: não foi possível validar a cadeia de certificação. Começou ontem, antes funcionava. Nenhuma atualização foi feita no computador que eu saiba.",Nova,Alta,Certificado Digital,2026-10-07,Médico(a) 03,Médico,Formulário,
Dúvida,Inscrição secundária com débito de anuidade no CRM de origem,"Médico(a) solicita inscrição secundária no nosso Regional, mas consta débito de anuidade no CRM de origem. Há parcelamento em curso. O manual permite deferir nesse caso? Não encontrei o item específico.",Resolvida,Normal,Manual PF,2026-09-16,Servidor(a) Registro CRM-UF02,CRM,E-mail,Respondido com base no [item do MPA PF: PENDENTE] sobre requisitos de regularidade para inscrição secundária. Regional orientado sobre como registrar o parcelamento no processo.
Dúvida,Lista de documentos para transferência de inscrição,Qual a lista atualizada de documentos para transferência de inscrição? Temos duas versões do manual circulando aqui e elas divergem no item do comprovante de endereço.,Fechada,Baixa,Manual PF,2026-09-18,Servidor(a) Atendimento CRM-UF03,CRM,E-mail,Enviada a versão vigente do MPA PF [versão: PENDENTE] com o item de transferência. Regional orientado a descartar a versão anterior.
Incidente,Sistema não salva segunda especialidade do médico,"Ao tentar registrar a segunda especialidade (RQE) do médico, o sistema retorna erro genérico e não salva. A primeira especialidade foi registrada normalmente mês passado. Testamos em dois computadores.",Em andamento,Alta,Manual PF,2026-10-01,Servidor(a) Registro CRM-UF04,CRM,Formulário,
Dúvida,Cancelamento a pedido com processo ético em tramitação,"Médico(a) pediu cancelamento da inscrição, mas tem processo ético-profissional em tramitação no Regional. Podemos cancelar ou o pedido fica suspenso até o fim do processo?",Feedback,Normal,Manual PF,2026-10-02,Servidor(a) Jurídico CRM-UF01,CRM,E-mail,
Dúvida,Troca de diretor técnico comunicada fora do prazo,A empresa comunicou a troca do diretor técnico 40 dias depois do desligamento do anterior. Aplicamos alguma penalidade? Qual data registramos como início do novo diretor técnico: a do comunicado ou a informada pela empresa?,Resolvida,Normal,Manual PJ,2026-09-17,Servidor(a) PJ CRM-UF02,CRM,E-mail,Respondido com base no [item do MPA PJ: PENDENTE]. Registrar a data informada pela empresa com o comprovante; a comunicação fora do prazo segue para análise do setor de fiscalização.
Requisição,Baixa de registro de empresa encerrada na Receita,Empresa já está baixada na Receita Federal e o sócio pede a baixa do registro no Regional. Ele não tem mais acesso ao e-mail cadastrado. Como seguimos?,Nova,Baixa,Manual PJ,2026-10-05,Servidor(a) PJ CRM-UF05,CRM,Formulário,
Dúvida,Clínica com filial em outro estado,Clínica registrada aqui vai abrir filial em outro estado. A filial registra no CRM do outro estado ou fica vinculada ao nosso registro? E o diretor técnico pode ser o mesmo?,Fechada,Normal,Manual PJ,2026-09-22,Servidor(a) PJ CRM-UF03,CRM,E-mail,Respondido com base no [item do MPA PJ: PENDENTE]. Filial registra no Regional da sua jurisdição; regra de diretor técnico enviada junto.
Incidente,Certidão de regularidade PJ sai com diretor técnico antigo,"A certidão de regularidade emitida hoje saiu com o nome do diretor técnico anterior, mesmo com a troca já registrada e aprovada no sistema. A empresa precisa da certidão para uma licitação até sexta.",Em andamento,Urgente,Manual PJ,2026-10-06,Servidor(a) PJ CRM-UF04,CRM,Telefone,
Incidente,Processo parado na etapa de distribuição,O processo nº [número fictício] está há 5 dias em aguardando distribuição e não aparece na fila do conselheiro designado. Outros processos do mesmo dia andaram normalmente.,Em andamento,Alta,PAe,2026-10-03,Servidor(a) Secretaria CRM-UF01,CRM,E-mail,
Requisição,Liberar acesso ao PAe para servidor recém-contratado,Solicito criação de acesso ao PAe para servidor(a) que entrou no setor de processos esta semana. Perfil igual ao dos demais servidores do setor.,Resolvida,Normal,PAe,2026-09-24,Gestor(a) Secretaria CRM-UF03,CRM,Formulário,Usuário criado com o perfil do setor. Credenciais enviadas ao gestor(a) solicitante.
Incidente,Erro ao anexar PDF grande no processo,Tentei anexar um PDF de 18 MB com o prontuário digitalizado e o sistema fica carregando e depois dá erro. Arquivos pequenos anexam normalmente.,Resolvida,Normal,PAe,2026-09-19,Servidor(a) Secretaria CRM-UF02,CRM,E-mail,Arquivo acima do limite de upload [valor: PENDENTE]. Orientado a dividir o PDF em partes e anexar em sequência.
Dúvida,Como juntar dois processos do mesmo médico,"Temos duas denúncias sobre o mesmo fato contra o mesmo médico, que viraram dois processos separados. Existe função de apensar no PAe ou isso é feito por despacho?",Nova,Baixa,PAe,2026-10-07,Servidor(a) Secretaria CRM-UF05,CRM,E-mail,
Incidente,Farmácia não consegue validar a receita,Paciente voltou da farmácia dizendo que a receita não é válida. Eu emiti pela plataforma normalmente ontem. O que pode ser?,Resolvida,Alta,Prescrição Eletrônica,2026-09-25,Médico(a) 04,Médico,Formulário,Receita assinada sem certificado ICP-Brasil (assinatura simples). Orientado a reemitir com assinatura ICP-Brasil. Ver tickets de Certificado Digital do mesmo solicitante.
Dúvida,Receita de controle especial pela plataforma,Consigo emitir receita de controle especial pela prescrição eletrônica ou ainda precisa ser no papel?,Fechada,Normal,Prescrição Eletrônica,2026-09-14,Médico(a) 05,Médico,Formulário,Respondido com base na regra vigente [norma de referência: PENDENTE].
Incidente,Plataforma informa CRM inativo,"Não consigo entrar na prescrição eletrônica, aparece que meu CRM está inativo. Estou com a anuidade em dia e com inscrição ativa, tenho a certidão. Preciso emitir receitas hoje.",Em andamento,Urgente,Prescrição Eletrônica,2026-10-07,Médico(a) 06,Médico,Telefone,
Requisição,RES: RES: Atestado,"Boa tarde, encaminho abaixo o e-mail da paciente. Preciso alterar o atestado emitido dia 12, ela pediu para não constar o CID. Dá pra editar ou tenho que emitir outro?

Att,
Médico(a) 07

-----Mensagem original-----
De: [paciente]
Enviada em: sexta-feira
Assunto: RES: Atestado

Doutor(a), o RH da empresa pediu um atestado sem o CID, consegue me mandar outro? Obrigada",Nova,Normal,Prescrição Eletrônica,2026-10-06,Médico(a) 07,Médico,E-mail,
